height,weight,age,male,BMI,bmi_category
151.765,47.8256065,63.0,1,20.764297077341553,Normal
139.7,36.4858065,63.0,0,18.695244026851697,Normal
136.525,31.864838,65.0,0,17.095717964286116,Underweight
156.845,53.0419145,41.0,1,21.56144356544479,Normal
145.415,41.276872,51.0,0,19.520384297342652,Normal
163.83,62.992589,35.0,1,23.46943290124787,Normal
149.225,38.2434755,32.0,0,17.174107546947557,Underweight
168.91,55.4799715,27.0,1,19.44578615258197,Normal
147.955,34.869885,19.0,0,15.929099404110497,Underweight
165.1,54.487739,54.0,1,19.98962470114289,Normal
154.305,49.89512,47.0,0,20.95550222362617,Normal
151.13,41.220173,66.0,1,18.047142414459962,Underweight
144.78,36.0322145,73.0,0,17.189918182544893,Underweight
149.9,47.7,20.0,0,21.228294958480213,Normal
150.495,33.849303,65.3,0,14.945332716067343,Underweight
163.195,48.5626935,36.0,1,18.234298891950143,Underweight
157.48,42.3258035,44.0,1,17.066890383780766,Underweight
143.9418,38.3568735,31.0,0,18.512682024697533,Normal
121.92,19.617854,12.0,1,13.197801439005655,Underweight
105.41,13.947954,8.0,0,12.552981238928075,Underweight
86.36,10.489315,6.5,0,14.064421078669145,Underweight
161.29,48.987936,39.0,1,18.831037922476366,Normal
156.21,42.7226965,29.0,0,17.508179526901717,Underweight
129.54,23.586784,13.0,1,14.055973978922202,Underweight
109.22,15.989118,7.0,0,13.403560014259021,Underweight
146.4,35.493574,56.0,1,16.560276322075907,Underweight
148.59,37.9032815,45.0,0,17.167128008008664,Underweight
147.32,35.4652245,19.0,0,16.341024945724094,Underweight
137.16,27.328918,17.0,1,14.52671729074597,Underweight
125.73,22.6796,16.0,0,14.34688309637817,Underweight
114.3,17.860185,11.0,1,13.670786230461351,Underweight
147.955,40.312989,29.0,1,18.415592969630186,Underweight
161.925,55.111428,30.0,1,21.019087242326734,Normal
146.05,37.5063885,24.0,0,17.583370418158605,Underweight
146.05,38.498621,35.0,0,18.04853894773952,Underweight
152.7048,46.606578,33.0,0,19.986734332588085,Normal
142.875,38.838815,27.0,0,19.026262487092872,Normal
142.875,35.5786225,32.0,0,17.429167460804056,Underweight
147.955,47.400364,36.0,0,21.65321479973395,Normal
160.655,47.8823055,24.0,1,18.55182164019283,Normal
151.765,49.4131785,30.0,1,21.45356834961845,Normal
162.8648,49.384829,24.0,1,18.61826012325126,Normal
171.45,56.5572525,52.0,1,19.240365805834493,Normal
147.32,39.12231,42.0,0,18.026070683532573,Underweight
147.955,49.89512,19.0,0,22.79285768393047,Normal
144.78,28.803092,17.0,0,13.741114770625972,Underweight
121.92,20.41164,8.0,1,13.73181652613305,Underweight
128.905,23.359988,12.0,0,14.058309132901117,Underweight
97.79,13.267566,5.0,0,13.874021541262847,Underweight
154.305,41.2485225,55.0,1,17.324008940554588,Underweight
143.51,38.55532,43.0,0,18.720609451556445,Normal
146.7,42.4,20.0,1,19.70178742607764,Normal
157.48,44.6504625,18.0,1,18.004254758509518,Underweight
127.0,22.0105518,13.0,1,13.646569409138817,Underweight
110.49,15.422128,9.0,0,12.632763222984499,Underweight
97.79,12.757275,5.0,0,13.340405328137352,Underweight
165.735,58.5984165,42.0,1,21.333269266265486,Normal
152.4,46.719976,44.0,0,20.115585453393127,Normal
141.605,44.22522,60.0,0,22.05529267781977,Normal
158.8,50.9,20.0,0,20.18444378176373,Normal
155.575,54.317642,37.0,0,22.441986101798108,Normal
164.465,45.8978405,50.0,1,16.96857114439919,Underweight
151.765,48.024053,50.0,0,20.850455986376165,Normal
161.29,52.219779,31.0,1,20.07336334097307,Normal
154.305,47.62716,25.0,0,20.002979395279528,Normal
145.415,45.642695,23.0,0,21.58504032879236,Normal
145.415,42.410852,52.0,0,20.05665859122569,Normal
152.4,36.4858065,79.3,1,15.709198105896212,Underweight
163.83,55.9335635,35.0,1,20.839419943367258,Normal
144.145,37.194544,27.0,0,17.901114635507614,Underweight
129.54,24.550667,13.0,1,14.630376761714695,Underweight
129.54,25.627948,14.0,0,15.272356342482777,Underweight
153.67,48.307548,38.0,1,20.45675818692666,Normal
142.875,37.3362915,39.0,0,18.29020999671629,Underweight
146.05,29.596878,12.0,0,13.875312710927878,Underweight
167.005,47.173568,30.0,1,16.91374497554761,Underweight
158.4198,47.286966,24.0,0,18.841806031713585,Normal
91.44,12.927372,0.599999999999909,1,15.461008236831288,Underweight
165.735,57.549485,51.0,1,20.95139652177984,Normal
149.86,37.931631,46.0,0,16.890015983421794,Underweight
147.955,41.900561,17.0,0,19.14082025957343,Normal
137.795,27.5840635,12.0,0,14.527514769315257,Underweight
154.94,47.2019175,22.0,0,19.66221941715585,Normal
160.9598,43.204638,29.0,1,16.676139642478276,Underweight
161.925,50.2636635,38.0,1,19.17018604971466,Normal
147.955,39.3774555,30.0,0,17.98822688805649,Underweight
113.665,17.463292,6.0,1,13.516760019381898,Underweight
159.385,50.689,45.0,1,19.953488264939104,Normal
148.59,39.4341545,47.0,0,17.860489947000787,Underweight
136.525,36.28736,79.0,0,19.468433268937925,Normal
158.115,46.266384,45.0,1,18.506292124598573,Normal
144.78,42.2691045,54.0,0,20.16535642027886,Normal
156.845,47.62716,31.0,1,19.360355526428247,Normal
179.07,55.7067675,23.0,1,17.372498831311226,Underweight
118.745,18.824068,9.0,0,13.350047758747465,Underweight
170.18,48.5626935,41.0,1,16.768172303330573,Underweight
146.05,42.807745,23.0,0,20.06869941906235,Normal
147.32,35.0683315,36.0,0,16.15815176487666,Underweight
113.03,17.8885345,5.0,1,14.001910834272365,Underweight
162.56,56.755699,30.0,0,21.477419285404977,Normal
133.985,27.442316,12.0,1,15.286511936874637,Underweight
152.4,51.255896,34.0,0,22.068554914887606,Normal
160.02,47.230267,44.0,1,18.444711580781185,Underweight
149.86,40.936678,43.0,0,18.228088998550874,Underweight
142.875,32.715323,73.3,0,16.026501394237354,Underweight
167.005,57.0675435,38.0,1,20.461159035923878,Normal
159.385,42.977842,43.0,1,16.918026909179645,Underweight
154.94,39.9444455,33.0,0,16.639079374638193,Underweight
148.59,32.4601775,16.0,0,14.70184111381445,Underweight
111.125,17.123098,11.0,1,13.866242602689283,Underweight
111.76,16.499409,6.0,1,13.209780525966005,Underweight
162.56,45.9545395,35.0,1,17.39005827254819,Underweight
152.4,41.106775,29.0,0,17.69878574479371,Underweight
124.46,18.257078,12.0,0,11.78614223117659,Underweight
111.76,15.081934,9.0,1,12.074919656037656,Underweight
86.36,11.4815475,7.59999999999991,1,15.394839288813523,Underweight
170.18,47.5988105,58.0,1,16.435353938874506,Underweight
146.05,37.5063885,53.0,0,17.583370418158605,Underweight
159.385,45.019006,51.0,1,17.721521590882105,Underweight
151.13,42.2691045,48.0,0,18.50638881702875,Normal
160.655,54.8562825,29.0,1,21.25386315794738,Normal
169.545,53.523856,41.0,1,18.619903261212354,Normal
158.75,52.1914295,81.75,1,20.70960064480129,Normal
74.295,9.752228,1.0,1,17.667889408391865,Underweight
149.86,42.410852,35.0,0,18.884502175784007,Normal
153.035,49.5832755,46.0,0,21.17159986459227,Normal
96.52,13.097469,5.0,1,14.05894567329301,Underweight
161.925,41.730464,29.0,1,15.915687459210366,Underweight
162.56,56.018612,42.0,1,21.1984917622179,Normal
149.225,42.1557065,27.0,0,18.930984375323217,Normal
116.84,19.391058,8.0,0,14.204253313988668,Underweight
100.076,15.081934,6.0,1,15.059035567837945,Underweight
163.195,53.0986135,22.0,1,19.937444147473798,Normal
161.925,50.235314,43.0,1,19.159373762038566,Normal
145.415,42.52425,53.0,0,20.110286020613998,Normal
163.195,49.101334,43.0,1,18.43654739104358,Underweight
151.13,38.498621,41.0,0,16.85558418076797,Underweight
150.495,49.8100715,50.0,0,21.992420085536285,Normal
141.605,29.313383,15.0,1,14.618700403119004,Underweight
170.815,59.760746,33.0,1,20.481605629260645,Normal
91.44,11.7083435,3.0,0,14.003062284673952,Underweight
157.48,47.9390045,62.0,1,19.330282410564823,Normal
152.4,39.292407,49.0,0,16.917597960195916,Underweight
149.225,38.1300775,17.0,1,17.123183580907682,Underweight
129.54,21.999212,12.0,0,13.109898807263976,Underweight
147.32,36.8826995,22.0,0,16.994143448750638,Underweight
145.415,42.127357,29.0,0,19.922590017754935,Normal
121.92,19.787951,8.0,0,13.312233243390097,Underweight
113.665,16.782904,5.0,1,12.990133005639745,Underweight
157.48,44.565414,33.0,1,17.96996093992188,Underweight
154.305,47.853956,34.0,0,20.09823167811419,Normal
120.65,21.1770765,12.0,0,14.548270016207617,Underweight
115.6,18.9,7.0,1,14.143149627039907,Underweight
167.005,55.1964765,42.0,1,19.7903013626149,Normal
142.875,32.998818,40.0,0,16.165379222610298,Underweight
152.4,40.879979,27.0,0,17.601137271718986,Underweight
96.52,13.267566,3.0,0,14.241529383335775,Underweight
160.0,51.2,25.0,1,19.999999999999996,Normal
159.385,49.044635,29.0,1,19.306191657573073,Normal
149.86,53.4388075,45.0,0,23.79497767470111,Normal
160.655,54.090846,26.0,1,20.957297625510904,Normal
160.655,55.3665735,45.0,1,21.45157351290503,Normal
149.225,42.240755,45.0,0,18.96917734985312,Normal
125.095,22.3677555,11.0,0,14.293628947998961,Underweight
140.97,40.936678,85.5999999999999,0,20.599619447757686,Normal
154.94,49.6966735,26.0,1,20.701423806771295,Normal
141.605,44.338618,24.0,0,22.111844710327,Normal
160.02,45.9545395,57.0,1,17.946505085501983,Underweight
150.1648,41.95726,22.0,0,18.606763390051757,Normal
155.575,51.482692,24.0,0,21.270692463917204,Normal
103.505,12.757275,6.0,0,11.907902170277598,Underweight
94.615,13.0124205,4.0,0,14.53577198402539,Underweight
156.21,44.111822,21.0,0,18.077456764339132,Underweight
153.035,32.205032,79.0,0,13.751250683920425,Underweight
167.005,56.755699,50.0,1,20.349349423705714,Normal
149.86,52.673371,40.0,0,23.454147755753134,Normal
147.955,36.4858065,64.0,0,16.667277181374157,Underweight
159.385,48.8461885,32.0,1,19.228074119074222,Normal
161.925,56.9541455,38.7,1,21.721885941272845,Normal
155.575,42.0990075,26.0,0,17.393710522531414,Underweight
159.385,50.178615,63.0,1,19.752577591852223,Normal
146.685,46.549879,62.0,0,21.63451412227312,Normal
172.72,61.80191,22.0,1,20.716512129391038,Normal
166.37,48.987936,41.0,1,17.698607927954157,Underweight
141.605,31.524644,19.0,1,15.72146503700999,Underweight
142.875,32.205032,17.0,0,15.776521303166064,Underweight
133.35,23.756881,14.0,0,13.359905377407129,Underweight
127.635,24.4089195,9.0,1,14.983352250806378,Underweight
119.38,21.5172705,7.0,1,15.098160243853307,Underweight
151.765,35.2951275,74.0,0,15.323977392584608,Underweight
156.845,45.642695,41.0,1,18.553674046160403,Normal
148.59,43.885026,33.0,0,19.876375584440847,Normal
157.48,45.5576465,53.0,0,18.37005549011098,Underweight
149.86,39.008912,18.0,0,17.36970253601524,Underweight
147.955,41.163474,37.0,0,18.804107589242637,Normal
102.235,13.1258185,6.0,0,12.558194122213635,Underweight
153.035,45.245802,61.0,0,19.319538812972706,Normal
160.655,53.637254,44.0,1,20.78155508777077,Normal
149.225,52.3048275,35.0,0,23.488679335891952,Normal
114.3,18.3421265,7.0,1,14.039680462076973,Underweight
100.965,13.7495075,4.0,1,13.487934337128118,Underweight
138.43,39.0939605,23.0,0,20.400895536241034,Normal
91.44,12.530479,4.0,1,14.986328159384714,Underweight
162.56,45.699394,55.0,1,17.29350643759881,Underweight
149.225,40.3980375,53.0,0,18.141662901705168,Underweight
158.75,51.482692,59.0,1,20.428373042346085,Normal
149.86,38.668718,57.0,0,17.21822257203836,Underweight
158.115,39.235708,35.0,1,15.694061458605653,Underweight
156.21,44.338618,29.0,0,18.170399986777895,Underweight
148.59,39.519203,62.0,1,17.89901005472257,Underweight
143.51,31.071052,18.0,0,15.086608793313136,Underweight
154.305,46.776675,51.0,0,19.645783334649533,Normal
131.445,22.509503,14.0,0,13.028000440467263,Underweight
157.48,40.6248335,19.0,1,16.381014012028025,Underweight
157.48,50.178615,42.0,1,20.233352966705933,Normal
154.305,41.276872,25.0,0,17.33591547590892,Underweight
107.95,17.57669,6.0,1,15.083141308151125,Underweight
168.275,54.6,41.0,1,19.282060636032988,Normal
145.415,44.9906565,37.0,0,21.27668260980961,Normal
147.955,44.735511,16.0,0,20.435868991614935,Normal
100.965,14.401546,5.0,1,14.127568336620792,Underweight
113.03,19.050864,9.0,1,14.911702188004803,Underweight
149.225,35.8054185,82.0,1,16.079242277090263,Underweight
154.94,45.2174525,28.0,1,18.835579561779927,Normal
162.56,48.1091015,50.0,1,18.205384878787335,Underweight
156.845,45.6710445,43.0,0,18.565198067307087,Normal
123.19,20.808533,8.0,1,13.711676333970162,Underweight
161.0106,48.420946,31.0,1,18.67774032784546,Normal
144.78,41.1918235,67.0,0,19.65141708830663,Normal
143.51,38.4135725,39.0,0,18.651783681513958,Normal
149.225,42.127357,18.0,0,18.918253383813248,Normal
110.49,17.6617385,11.0,0,14.467300529263497,Underweight
149.86,38.2434755,48.0,0,17.028872617067265,Underweight
165.735,48.3358975,30.0,1,17.59710890129785,Underweight
144.145,38.9238635,64.0,0,18.7334073129207,Normal
157.48,40.029494,72.0,1,16.140957281914563,Underweight
154.305,50.2069645,68.0,0,21.08647411252383,Normal
163.83,54.2892925,44.0,1,20.22680648329868,Normal
156.21,45.6,43.0,0,18.68732668657088,Normal
153.67,40.766581,16.0,0,17.263391005164635,Underweight
134.62,27.1304715,13.0,0,14.970564232691297,Underweight
144.145,39.4341545,34.0,0,18.97900187346882,Normal
114.3,20.4966885,10.0,0,15.688854674005645,Underweight
162.56,43.204638,62.0,1,16.349444051427167,Underweight
146.05,31.864838,44.0,0,14.938555064255684,Underweight
120.65,20.8935815,11.0,1,14.353514058828669,Underweight
154.94,45.4442485,31.0,1,18.930052688108603,Normal
144.78,38.045029,29.0,0,18.150173250177218,Underweight
106.68,15.989118,8.0,0,14.049423166873543,Underweight
146.685,36.0889135,62.0,0,16.772677513796395,Underweight
152.4,40.879979,67.0,0,17.601137271718986,Underweight
163.83,47.910655,57.0,1,17.850288750274032,Underweight
165.735,47.7122085,32.0,1,17.370049431603682,Underweight
156.21,46.379782,24.0,0,19.00688898872675,Normal
152.4,41.163474,77.0,1,17.723197863062392,Underweight
140.335,36.5992045,62.0,0,18.58401930599647,Normal
158.115,43.09124,17.0,1,17.236252468988866,Underweight
163.195,48.137451,67.0,1,18.0746290242448,Underweight
151.13,36.7126025,70.0,0,16.073624089907604,Underweight
171.1198,56.5572525,37.0,1,19.314691494160694,Normal
149.86,38.6970675,58.0,0,17.23084590236977,Underweight
163.83,47.4854125,35.0,1,17.691854234739058,Underweight
141.605,36.2023115,30.0,0,18.054236377933236,Underweight
93.98,14.288148,5.0,0,16.17726347213103,Underweight
149.225,41.276872,26.0,0,18.53632363851419,Normal
105.41,15.2236815,5.0,0,13.701119766878813,Underweight
146.05,44.7638605,21.0,0,20.985745948807587,Normal
161.29,50.4337605,41.0,1,19.386815083382785,Normal
162.56,55.281525,46.0,1,20.919564239030823,Normal
145.415,37.931631,49.0,0,17.938375130387687,Underweight
145.415,35.493574,15.0,1,16.78538539853915,Underweight
170.815,58.456669,28.0,1,20.034663570937123,Normal
127.0,21.488921,12.0,0,13.323157666315334,Underweight
159.385,44.4236665,83.0,0,17.487168975385554,Underweight
159.4,44.4,54.0,1,17.47456349012687,Underweight
153.67,44.565414,54.0,0,18.872079735826706,Normal
160.02,44.622113,68.0,1,17.42615607932148,Underweight
150.495,40.483086,68.0,0,17.874317519718733,Underweight
149.225,44.0834725,56.0,0,19.796691798001074,Normal
127.0,24.4089195,15.0,0,15.133560357120714,Underweight
142.875,34.416293,57.0,0,16.859768364475002,Underweight
142.113,32.772022,22.0,0,16.226902353122764,Underweight
147.32,35.947166,40.0,0,16.563085236753118,Underweight
162.56,49.5549,19.0,1,18.752502104613587,Normal
164.465,53.183662,41.0,1,19.662161499007336,Normal
160.02,37.081146,75.9000000000001,1,14.481202129448853,Underweight
153.67,40.5114355,73.9000000000001,0,17.155344747135093,Underweight
167.005,50.6038575,49.0,1,18.1436507099474,Underweight
151.13,43.9700745,26.0,1,19.251112713086247,Normal
147.955,33.792604,17.0,0,15.436980885934727,Underweight
125.3998,21.375523,13.0,0,13.593242411301102,Underweight
111.125,16.669506,8.0,0,13.498924917849832,Underweight
153.035,49.89,88.0,1,21.302568388095064,Normal
139.065,33.5941575,68.0,0,17.371130132264646,Underweight
152.4,43.8566765,33.0,1,18.88277348082474,Normal
154.94,48.137451,26.0,0,20.051921063261638,Normal
147.955,42.751046,56.0,0,19.529334879185882,Normal
143.51,34.8415355,16.0,1,16.917374276443287,Underweight
117.983,24.097075,13.0,0,17.311131661685554,Underweight
144.145,33.906002,34.0,0,16.31839413419749,Underweight
92.71,12.076887,5.0,0,14.050825512046973,Underweight
147.955,41.276872,17.0,0,18.855909538524298,Normal
155.575,39.7176495,74.0,1,16.409823866711456,Underweight
150.495,35.947166,69.0,0,15.871592867649408,Underweight
155.575,50.915702,50.0,1,21.036433736341024,Normal
154.305,45.756093,44.0,0,19.217148061893543,Normal
130.6068,25.2594045,15.0,0,14.807833748425523,Underweight
101.6,15.3370795,5.0,0,14.857825481275961,Underweight
157.48,49.214732,18.0,0,19.84468968937938,Normal
168.91,58.8252125,41.0,1,20.618296508230756,Normal
150.495,43.4597835,27.0,0,19.18860557263923,Normal
111.76,17.8318355,8.90000000000009,1,14.276549743698656,Underweight
160.02,51.9646335,38.0,1,20.293611241039564,Normal
167.64,50.688906,57.0,1,18.036722092727935,Underweight
144.145,34.246196,64.5,0,16.482123841229573,Underweight
145.415,39.3774555,42.0,0,18.622124855088565,Normal
160.02,59.5622995,24.0,1,23.26070770181349,Normal
147.32,40.312989,16.0,1,18.57469022607487,Normal
164.465,52.16308,71.0,1,19.284849231435768,Normal
153.035,39.972795,49.5,0,17.06801361296461,Underweight
149.225,43.941725,33.0,1,19.73303684045123,Normal
160.02,54.601137,28.0,0,21.32323799794992,Normal
149.225,45.075705,47.0,0,20.242276500849975,Normal
85.09,11.453198,3.0,1,15.81866108708827,Underweight
84.455,11.7650425,1.0,1,16.494637206584603,Underweight
59.6138,5.896696,1.0,0,16.592626073688724,Underweight
92.71,12.1052365,3.0,1,14.083808670525958,Underweight
111.125,18.313777,6.0,0,14.830451525392846,Underweight
90.805,11.3681495,5.0,0,13.787015084421874,Underweight
153.67,41.333571,27.0,0,17.50349380078584,Underweight
99.695,16.2442635,5.0,0,16.34380869475764,Underweight
62.484,6.80388,1.0,0,17.4268542072678,Underweight
81.915,11.8784405,2.0,1,17.70241653577472,Underweight
96.52,14.968536,2.0,0,16.06736648376344,Underweight
80.01,9.865626,1.0,1,15.411187587303369,Underweight
150.495,41.900561,55.0,0,18.5001689734904,Normal
151.765,42.524,83.4000000000001,1,18.462514822825554,Underweight
140.6398,28.859791,12.0,1,14.590719263484313,Underweight
88.265,12.7856245,2.0,0,16.41137217370962,Underweight
158.115,43.147939,63.0,1,17.258931748553326,Underweight
149.225,40.82328,52.0,0,18.33262777435469,Underweight
151.765,42.864444,49.0,1,18.610324351476248,Normal
154.94,46.209685,31.0,0,19.248899489467888,Normal
123.825,20.581737,9.0,0,13.423487138887491,Underweight
104.14,15.87572,6.0,0,14.638557534104951,Underweight
161.29,47.853956,35.0,1,18.395134266863487,Underweight
148.59,42.52425,35.0,0,19.26005386089229,Normal
97.155,17.066399,7.0,0,18.080547725023855,Underweight
93.345,13.1825175,5.0,1,15.129209489295,Underweight
160.655,48.5059945,24.0,1,18.793467629585514,Normal
157.48,45.869491,41.0,1,18.495799491598984,Underweight
167.005,52.900167,32.0,1,18.966976036281153,Normal
157.48,47.570461,43.0,1,19.181675863351728,Normal
91.44,12.927372,6.0,0,15.461008236831288,Underweight
60.452,5.6699,1.0,1,15.51508116786448,Underweight
137.16,28.91649,15.0,1,15.370592983984324,Underweight
152.4,43.544832,63.0,0,18.748506830346994,Normal
152.4,43.431434,21.0,0,18.69968259380963,Normal
81.28,11.509897,1.0,1,17.422242217531313,Underweight
109.22,11.7083435,2.0,0,9.8150182373918,Underweight
71.12,7.540967,1.0,1,14.90882937123017,Underweight
89.2048,12.700576,3.0,0,15.96051754533135,Underweight
67.31,7.200773,1.0,0,15.893514378698388,Underweight
85.09,12.360382,1.0,1,17.0716243415111,Underweight
69.85,7.7961125,1.0,0,15.97884104859119,Underweight
161.925,53.2120115,55.0,0,20.294663968028438,Normal
152.4,44.678812,38.0,0,19.236749195720613,Normal
88.9,12.5588285,3.0,1,15.890794373425482,Underweight
90.17,12.700576,3.0,1,15.620656355377378,Underweight
71.755,7.37087,1.0,0,14.315760168837283,Underweight
83.82,9.2135875,1.0,0,13.113947830283172,Underweight
159.385,47.2019175,28.0,1,18.58081451436946,Normal
142.24,28.632995,16.0,0,14.152178256524879,Underweight
142.24,31.6663915,36.0,0,15.651468428255733,Underweight
168.91,56.4438545,38.0,1,19.783628119463824,Normal
123.19,20.014747,12.0,1,13.18861511142089,Underweight
74.93,8.50485,1.0,1,15.147996397687706,Underweight
74.295,8.3064035,1.0,0,15.04852208331051,Underweight
90.805,11.623295,3.0,0,14.096449338186956,Underweight
160.02,55.791816,48.0,1,21.788230726877174,Normal
67.945,7.9662095,1.0,0,17.25586433092685,Underweight
135.89,27.21552,15.0,0,14.738104766627917,Underweight
158.115,47.4854125,45.0,1,18.993896635234442,Normal
85.09,10.8011595,3.0,1,14.918093747971858,Underweight
93.345,14.004653,3.0,0,16.07275158647684,Underweight
152.4,45.1607535,38.0,0,19.4442522010044,Normal
155.575,45.529297,21.0,0,18.810975824367308,Normal
154.305,48.874538,50.0,0,20.52686695087018,Normal
156.845,46.5782285,41.0,1,18.93396674400096,Normal
120.015,20.128145,13.0,0,13.974384657708033,Underweight
114.3,18.14368,8.0,1,13.88778283729407,Underweight
83.82,10.9145575,3.0,1,15.534984352796991,Underweight
156.21,43.885026,30.0,0,17.984513541900373,Underweight
137.16,27.158821,12.0,1,14.436302037899003,Underweight
114.3,19.050864,7.0,1,14.582171979158774,Underweight
93.98,13.834556,4.0,0,15.66369955238084,Underweight
168.275,56.0469615,21.0,1,19.793056961692425,Normal
147.955,40.086193,38.0,0,18.31198907106687,Underweight
139.7,26.5634815,15.0,1,13.61106732957268,Underweight
157.48,50.802304,19.0,0,20.48484096968194,Normal
76.2,9.2135875,1.0,1,15.867876874642635,Underweight
66.04,7.5693165,1.0,1,17.35571603539656,Underweight
160.7,46.3,31.0,1,17.92871805019189,Underweight
114.3,19.4194075,8.0,0,14.864267568041308,Underweight
146.05,37.9032815,16.0,1,17.76943782999097,Underweight
161.29,49.3564795,21.0,1,18.972706610550553,Normal
69.85,7.314171,0.0,0,14.991058147405555,Underweight
133.985,28.1510535,13.0,1,15.681308216236067,Underweight
67.945,7.824462,0.0,1,16.948820481622104,Underweight
150.495,44.111822,50.0,0,19.47649724137419,Normal
163.195,51.0291,39.0,1,19.16038412464113,Normal
148.59,40.766581,44.0,1,18.46397163464208,Underweight
148.59,37.5630875,36.0,0,17.013047577121526,Underweight
161.925,51.59609,36.0,1,19.678363570491076,Normal
153.67,44.8205595,18.0,0,18.98012599385625,Normal
68.58,8.0229085,0.0,0,17.058344370461032,Underweight
151.13,43.4030845,58.0,0,19.002871414400413,Normal
163.83,46.719976,58.0,1,17.4066721067761,Underweight
153.035,39.5475525,33.0,0,16.886439000060733,Underweight
151.765,34.7848365,21.5,0,15.10242591220989,Underweight
132.08,22.792998,11.0,1,13.065539037882806,Underweight
156.21,39.292407,26.0,1,16.10241328751545,Underweight
140.335,37.4496895,22.0,0,19.015871032704368,Normal
158.75,48.6760915,28.0,1,19.314711736623472,Normal
142.875,35.606972,42.0,0,17.44305524364135,Underweight
84.455,9.3836845,2.0,1,13.155963651516876,Underweight
151.9428,43.714929,21.0,1,18.93518387172856,Normal
161.29,48.19415,19.0,1,18.525905363547352,Normal
127.9906,29.8520235,13.0,1,18.22290557799115,Underweight
160.9852,50.972401,48.0,1,19.668135340367648,Normal
144.78,43.998424,46.0,0,20.990364295286916,Normal
132.08,28.292801,11.0,1,16.21816910423761,Underweight
117.983,20.354941,8.0,1,14.622814744812034,Underweight
160.02,48.19415,25.0,1,18.82113426610325,Normal
154.94,39.179009,16.0,1,16.320232573278908,Underweight
160.9852,46.6916265,51.0,1,18.016362016454682,Underweight
165.989,56.415505,25.0,1,20.475752103684012,Normal
157.988,48.591043,28.0,1,19.467402963817207,Normal
154.94,48.2224995,26.0,0,20.087348485634895,Normal
97.9932,13.2959155,5.0,1,13.846065014078373,Underweight
64.135,6.6621325,1.0,0,16.196570575672272,Underweight
160.655,47.4854125,54.0,1,18.398046919670215,Underweight
147.32,35.550273,66.0,0,16.380212055905684,Underweight
146.7,36.6,20.0,0,17.006731598925512,Underweight
147.32,48.9595865,25.0,0,22.558713094536778,Normal
172.9994,51.255896,38.0,1,17.125948589687656,Underweight
158.115,46.5215295,51.0,1,18.608348882638637,Normal
147.32,36.967748,48.0,0,17.033330558932228,Underweight
124.9934,25.117657,13.0,1,16.076998166186257,Underweight
106.045,16.272613,6.0,1,14.470278945936354,Underweight
165.989,48.647742,27.0,1,17.65647769342802,Underweight
149.86,38.045029,22.0,0,16.94050930474742,Underweight
76.2,8.50485,1.0,0,14.647270961208587,Underweight
161.925,47.286966,60.0,1,18.03489584372479,Underweight
140.0048,28.3495,15.0,0,14.46303884400843,Underweight
66.675,8.1363065,0.0,0,18.30211381057683,Underweight
62.865,7.200773,0.0,1,18.220541532400276,Underweight
163.83,55.394923,43.0,1,20.63873622368962,Normal
147.955,32.488527,12.0,1,14.841258469195635,Underweight
160.02,54.204244,27.0,1,21.168240421640835,Normal
154.94,48.477645,30.0,1,20.193630752754657,Normal
152.4,43.0628905,29.0,0,18.541003825063203,Normal
62.23,7.257472,0.0,0,18.740698206094457,Normal
146.05,34.189497,23.0,0,16.028378476416687,Underweight
151.9936,49.951819,30.0,0,21.62224105551206,Normal
157.48,41.3052215,17.0,1,16.655364560729122,Underweight
55.88,4.8477645,0.0,0,15.524896700619843,Underweight
60.96,6.23689,0.0,1,16.783331309718175,Underweight
151.765,44.338618,41.0,0,19.250361961447652,Normal
144.78,33.45241,42.0,0,15.959168729664022,Underweight
118.11,16.896302,7.0,0,12.112068668581779,Underweight
78.105,8.221355,3.0,0,13.476767253620435,Underweight
160.655,47.286966,43.0,1,18.321159559408905,Underweight
151.13,46.1246365,35.0,0,20.194429648092406,Normal
121.92,20.184844,10.0,0,13.579240786953793,Underweight
92.71,12.757275,3.0,1,14.842421315542577,Underweight
153.67,47.400364,75.5,1,20.072593713932736,Normal
147.32,40.8516295,64.0,0,18.822875257224954,Normal
139.7,50.348712,38.0,1,25.798565183907233,Overweight
157.48,45.132404,24.2,0,18.198586397172797,Underweight
91.44,11.623295,4.0,0,13.901345125221116,Underweight
154.94,42.240755,26.0,1,17.595619778716046,Underweight
143.51,41.6454155,19.0,0,20.22101123848266,Normal
83.185,9.1568885,2.0,1,13.232986946132392,Underweight
158.115,45.2174525,43.0,1,18.08672545265608,Underweight
147.32,51.255896,38.0,0,23.616765069439776,Normal
123.825,21.205426,10.0,1,13.830259476429536,Underweight
88.9,11.5949455,3.0,1,14.67118487298199,Underweight
160.02,49.271431,23.0,1,19.241841973227913,Normal
137.16,27.952607,16.0,0,14.85823988451818,Underweight
165.1,51.199197,49.0,1,18.7831749272966,Normal
154.94,43.8566765,41.0,0,18.268740803807866,Underweight
111.125,17.690088,6.0,1,14.325389708738598,Underweight
153.67,35.5219235,23.0,0,15.04244014566849,Underweight
145.415,34.246196,14.0,0,16.195483675267806,Underweight
141.605,42.88542,43.0,0,21.387129102155413,Normal
144.78,32.545226,15.0,0,15.526377713266355,Underweight
163.83,46.776675,21.0,1,17.427796708847428,Underweight
161.29,41.8722115,24.0,1,16.09574248350555,Underweight
154.9,38.2,20.0,1,15.920640193114862,Underweight
161.3,43.3,20.0,1,16.64252283734643,Underweight
170.18,53.637254,34.0,1,18.520363104437504,Normal
149.86,42.977842,29.0,0,19.136968782412136,Normal
123.825,21.54562,11.0,1,14.052135296907016,Underweight
85.09,11.4248485,3.0,0,15.779505985387555,Underweight
160.655,39.7743485,65.0,1,15.410423778087946,Underweight
154.94,43.3463855,46.0,0,18.056176269568343,Underweight
106.045,15.478827,8.0,0,13.764411680280924,Underweight
126.365,21.9141635,15.0,1,13.723702475813328,Underweight
166.37,52.673371,43.0,1,19.030100422534044,Normal
148.2852,38.441922,39.0,0,17.482739185306148,Underweight
124.46,19.27766,12.0,0,12.4449949024846,Underweight
89.535,11.113004,3.0,1,13.862635199743515,Underweight
101.6,13.494362,4.0,0,13.072689332878666,Underweight
151.765,42.807745,43.0,0,18.5857075203235,Normal
148.59,35.890467,70.0,0,16.255485458593096,Underweight
153.67,44.22522,26.0,0,18.728018058453987,Normal
53.975,4.252425,0.0,0,14.596588362726894,Underweight
146.685,38.0733785,48.0,0,17.694977141420708,Underweight
56.515,5.159609,0.0,0,16.154344037005202,Underweight
100.965,14.3164975,5.0,1,14.044137814947836,Underweight
121.92,23.2182405,8.0,1,15.619941298476347,Underweight
81.5848,10.659412,3.0,0,16.0145500879362,Underweight
154.94,44.111822,44.0,1,18.375023070927625,Underweight
156.21,44.0267735,33.0,0,18.042603055924598,Underweight
132.715,24.9759095,15.0,1,14.180165161227736,Underweight
125.095,22.5945515,12.0,0,14.438558012110484,Underweight
101.6,14.344847,5.0,0,13.896598324446648,Underweight
160.655,47.8823055,41.0,1,18.55182164019283,Normal
146.05,39.405805,37.4,0,18.473835889070642,Underweight
132.715,24.777463,13.0,0,14.067496425553964,Underweight
87.63,10.659412,6.0,0,13.881219612890812,Underweight
156.21,41.050076,53.0,1,16.822723261415852,Underweight
152.4,40.82328,49.0,0,17.576725153450305,Underweight
162.56,47.0318205,27.0,0,17.79772157566776,Underweight
114.935,17.519991,7.0,1,13.262618534028006,Underweight
67.945,7.2291225,1.0,0,15.65923631454216,Underweight
142.875,34.246196,31.0,0,16.776441667451234,Underweight
76.835,8.0229085,1.0,1,13.5898182321602,Underweight
145.415,31.127751,17.0,1,14.720729367089445,Underweight
162.56,52.16308,31.0,1,19.739486256316262,Normal
156.21,54.0624965,21.0,0,22.1553406488398,Normal
71.12,8.051258,0.0,1,15.917697524170558,Underweight
158.75,52.5316235,68.0,1,20.84458989397979,Normal
