x,y,label
-0.20303722577836428,-0.057886274188285264,0.0
0.8351109384892348,0.5477638743824575,0.0
1.7055361409840504,1.3782027078270738,0.0
1.7634983846835683,2.7234878621337786,0.0
2.3890881661872005,3.5570685960046102,0.0
2.25802495155646,4.305105174297466,0.0
2.0727053233667894,6.02426406877287,0.0
1.814671521142411,6.635985831025043,0.0
1.3257094041903061,7.857485568367244,0.0
0.7581592254038034,8.907667314315958,0.0
-0.06948889094390764,10.13188878697072,0.0
-0.7888117797876726,10.711664743602588,0.0
-1.9321077778597437,11.769305362513158,0.0
-2.938712312671832,12.629409144379407,0.0
-4.0072016585945525,13.472530160744906,0.0
-5.30425124688084,14.08630806209378,0.0
-6.402145148673404,14.92593806535723,0.0
-8.323257559250667,14.741038717272431,0.0
-9.22737373293109,15.141278278736316,0.0
-10.692978544780951,15.5772261752949,0.0
-12.710932618718099,15.806231104472573,0.0
-13.87322552490044,15.761910423567459,0.0
-15.204722573144627,15.568230156307676,0.0
-16.770868144107624,15.743694767691714,0.0
-18.478792560881974,15.632947659708364,0.0
-19.86985037402969,14.714500397643203,0.0
-21.773378100624505,14.21734077026206,0.0
-23.434601900764285,13.737940043696602,0.0
-24.38021348033242,12.966501919471343,0.0
-26.28982052499133,12.492577793950275,0.0
-27.64186387069201,11.654847824420784,0.0
-29.249244010323046,11.005545363690368,0.0
-30.867586362773245,9.49901753018032,0.0
-31.524903837205724,8.714341629488061,0.0
-33.08412105069118,7.548070637035167,0.0
-34.16649962159606,6.496774978727155,0.0
-35.63664107645747,5.031823327451329,0.0
-36.92160808096606,3.7977459890538987,0.0
-38.12669047790532,2.1000247647815695,0.0
-38.43997615877491,0.7134629597709667,0.0
-40.06497127359235,-0.6251573332855824,0.0
-40.712521650079665,-2.428010807279505,0.0
-42.02434034306731,-3.831026268298301,0.0
-42.62773194650883,-5.781489596616124,0.0
-43.25244595652802,-7.885289130093891,0.0
-43.97949066562507,-9.296532324584298,0.0
-44.63737493464113,-11.30690433642031,0.0
-45.17679431543537,-13.466455303547962,0.0
-45.30061017511221,-15.024273070884552,0.0
-46.26493690984416,-17.147250199918304,0.0
-46.199407162715204,-19.267047554009107,0.0
-46.42930245736368,-21.35327394451421,0.0
-46.55241134824983,-23.321693108614475,0.0
-46.45954847335485,-25.048868551705635,0.0
-46.47559729426936,-27.522332560614643,0.0
-46.12588237026335,-29.984749434159465,0.0
-46.20135917691204,-31.458523288472417,0.0
-45.9942147461851,-33.64759408939631,0.0
-45.396131939945604,-36.258910158073625,0.0
-45.19872434318551,-37.81264925254587,0.0
-44.81106907684514,-40.05222511748432,0.0
-43.953618334934575,-42.14194890097296,0.0
-43.82543192227704,-44.528976709154094,0.0
-42.67616911549578,-46.45129056326043,0.0
-41.89195471214477,-48.546425818693116,0.0
-40.73099836841199,-50.14255507226443,0.0
-40.22498865925752,-52.461827742899615,0.0
-38.99737857380286,-54.783316920799955,0.0
-37.60752016436862,-56.34359240955745,0.0
-36.682055223227856,-58.52234726221002,0.0
-35.51354944762838,-60.51123353246386,0.0
-33.67356078848524,-62.416012075537296,0.0
-32.692049266456934,-64.12687825352008,0.0
-30.746571940343408,-66.22364080928364,0.0
-29.448207712783727,-67.84551922991517,0.0
-27.976067096103115,-69.32457124818416,0.0
-26.50370814930472,-71.19113441069915,0.0
-24.519679905028344,-72.95665099727353,0.0
-23.260251440312555,-74.2452130026156,0.0
-20.883938652247448,-76.3677646528598,0.0
-19.273795228894862,-77.48457554039717,0.0
-17.022849673812665,-79.20318957297145,0.0
-14.853833605623116,-80.57543099506186,0.0
-12.951061789654926,-81.89674709650649,0.0
-10.581817959863477,-83.15416320345794,0.0
-8.437494860332714,-84.69852178645984,0.0
-6.132412875630385,-85.55946423426631,0.0
-4.391800723800174,-86.82062671674117,0.0
-1.8080485050982342,-87.83230498185017,0.0
-0.3611031736372911,-88.83636017919972,0.0
2.77110980704372,-90.0638740627421,0.0
5.185916093960655,-90.79999062304927,0.0
7.918233535549489,-91.51345750541284,0.0
10.248770944000627,-92.67842913976152,0.0
12.595239168526952,-93.0923551286668,0.0
15.181311067317242,-93.92632098282425,0.0
18.060904589070947,-94.52059853532015,0.0
20.388321925912056,-95.08119878644203,0.0
22.896350275430887,-95.41685147750134,0.0
25.865797158003677,-95.601519974747,0.0
28.31344680330287,-96.3042897364098,0.0
30.677607362350486,-96.28895799143896,0.0
33.56264601907205,-96.42281227647813,0.0
36.62712544929117,-96.6425297328164,0.0
39.06200601729643,-96.4047721315934,0.0
42.13312601793171,-96.31202947858752,0.0
44.89874845884402,-96.17529914797267,0.0
47.70932101039412,-95.87100906323954,0.0
49.90922081803597,-95.38666398409235,0.0
52.889764780217234,-95.09731042227737,0.0
55.87113789774321,-94.65111210718929,0.0
58.23665379681999,-94.16190444191292,0.0
61.421786351427244,-93.77534786928219,0.0
63.89354402667955,-92.99206269303878,0.0
67.0322462892027,-92.37668883823333,0.0
70.06334091474332,-91.3777907270382,0.0
72.4957236116753,-90.89536424625614,0.0
75.11519228802257,-89.85931947393708,0.0
77.54966338415912,-88.54623450062375,0.0
80.63055530926215,-87.86772493152473,0.0
83.05316631780404,-86.67853645615911,0.0
85.58408742956763,-85.39459638018926,0.0
88.05798115208967,-84.18956848356049,0.0
90.96759251811442,-82.81515322214682,0.0
93.88768294566943,-81.47320506219917,0.0
96.28981785914286,-79.61965775303963,0.0
98.61449555377146,-78.49015400675805,0.0
101.50051890570508,-76.83518553059714,0.0
103.71053229812506,-75.02126555690008,0.0
105.85480662386287,-73.25607560368252,0.0
108.60631960374022,-71.35795027779331,0.0
111.025275420878,-70.03919445652537,0.0
113.4832777511649,-67.74446233389025,0.0
115.18959849078898,-65.86668210290887,0.0
118.02844628984981,-63.63393758577004,0.0
120.56457766370121,-61.75332706744312,0.0
122.39898308457131,-59.339944440356355,0.0
124.46029416085942,-56.83089510899561,0.0
126.49980582030871,-55.004765379806024,0.0
128.3018838349632,-52.84484369017558,0.0
130.6491711502605,-50.399301819453754,0.0
132.52070013598345,-47.92924906579148,0.0
134.64419836676302,-45.615206526774394,0.0
136.30709272576112,-42.86041146989224,0.0
138.34016994035042,-39.992295068482235,0.0
140.13739041931038,-37.91788216629567,0.0
141.77289352445047,-35.108071638129026,0.0
143.28094013677926,-32.16643673798293,0.0
144.8677735849658,-29.445197540323544,0.0
147.0099072019399,-26.190293005683287,0.0
147.88892389141995,-23.55422066077052,0.0
149.39680298869783,-21.34861073310943,0.0
150.7868561291955,-18.168754749360247,0.0
152.12018005573086,-15.045614287640952,0.0
153.35612547547842,-12.10361050568663,0.0
154.7394060482346,-8.748628124764313,0.0
156.04728528740657,-5.83654488067832,0.0
157.47000025556866,-2.679512877193403,0.0
158.01346076924779,0.6654462797259368,0.0
159.31546462290012,3.5045249043583917,0.0
159.98702321297364,6.689347269027297,0.0
160.471925394966,9.948996479886878,0.0
161.56857339970557,12.673225613152322,0.0
162.32396545813495,16.27697491995426,0.0
162.9743430357536,19.309174587432626,0.0
163.48755733779177,22.75067309143784,0.0
163.47920990386538,26.61234838371127,0.0
164.26218038000212,29.591775331401514,0.0
164.76256614846312,32.86678834030029,0.0
165.16617687186695,36.4436930283827,0.0
165.18852412933785,39.757532986684005,0.0
165.46299168358863,43.21278136401489,0.0
165.62896206351496,46.6960873903565,0.0
165.62818013003587,49.96605736101259,0.0
165.5782131948043,53.34002062112869,0.0
165.53414666440602,57.101607433336746,0.0
165.18666171249902,60.154733244233284,0.0
165.02435701478825,63.49140578568269,0.0
164.8163453819566,67.16883457886145,0.0
164.05586585676764,71.19980291983244,0.0
163.89114014052186,74.2733091985417,0.0
163.69456314453527,77.70569700203903,0.0
162.77129992873006,81.26845831499246,0.0
162.11083233372128,85.02370430995589,0.0
161.63622538252983,87.94860580552701,0.0
160.48031115798912,91.50438048936773,0.0
160.0078990077361,94.52819057074686,0.0
158.9426923088095,98.34215177843342,0.0
157.8000809026076,101.80873221575335,0.0
157.06128184352957,104.95418702181522,0.0
155.3236970043089,108.64095094311946,0.0
154.73527537082396,112.10001434374557,0.0
153.40820445806273,115.29943045021554,0.0
152.29666068973307,118.79576941740379,0.0
150.72185442966057,122.14622782318749,0.0
148.96922160415025,125.4050879774121,0.0
147.70070066117566,128.7284531046115,0.0
146.21563749940103,132.2056369489117,0.0
144.24764846010117,135.41510307690186,0.0
142.43726398554452,138.45820562752826,0.0
141.13174408732286,141.91484982299147,0.0
139.16363476277627,145.0947024959486,0.0
136.7879457574267,148.22420673402257,0.0
135.33534297007105,151.05171866883927,0.0
133.27383558571174,154.846768836013,0.0
131.12209707775716,157.45795172608672,0.0
129.35774016804197,160.57548336084724,0.0
127.10530362920126,163.27529522641706,0.0
124.90446381354822,166.36921121355755,0.0
122.42801015062311,169.44853269534337,0.0
120.48620526922012,172.15281095063455,0.0
117.7583750086094,175.12661066047534,0.0
115.1691743300029,178.1747001346322,0.0
112.74607947640973,180.6277972604637,0.0
110.16538610147862,183.46910872574648,0.0
107.01855446721697,186.3825872138148,0.0
104.6677256362016,189.0449318648495,0.0
101.79057229171215,191.30970767178258,0.0
99.00685913678736,194.2626095586387,0.0
96.33416753184918,196.80857397347174,0.0
93.07701039648806,199.26149911077894,0.0
90.24063413310289,201.28701757316938,0.0
87.28918240337288,204.00199673803104,0.0
84.15347035809049,206.61987924156293,0.0
81.0914969314973,208.5860457583306,0.0
78.10767168736369,210.857891931721,0.0
74.87352684083636,213.59988793625328,0.0
71.39446910884777,215.3283930503112,0.0
68.25569264774508,217.4896565803965,0.0
65.05863636950609,219.99674723132895,0.0
61.797206625322644,221.5481459044807,0.0
58.20272642081365,223.5912641213221,0.0
54.97130902724953,225.602858140361,0.0
51.1809006245647,227.33603424978952,0.0
47.85580018921325,229.18122429120032,0.0
43.89125183513226,231.13658312345063,0.0
40.42690194061312,232.37941784602558,0.0
37.01448920238836,234.35952253985786,0.0
33.03136296370509,235.97393762574248,0.0
29.385489723128963,237.2897378548324,0.0
25.9724386224632,238.42688525097492,0.0
22.356822080247944,239.9069430175763,0.0
18.57014030238629,241.21190480259617,0.0
14.39278719326575,242.81251829399167,0.0
10.584458577287467,244.10752345323485,0.0
6.776941925010214,244.87738320641398,0.0
2.762251503707661,245.80942504294435,0.0
-1.1200815736870342,246.7757342526028,0.0
-4.904904188342621,247.90665063539348,0.0
-9.121885594345732,249.07763007947386,0.0
-13.229826335190577,249.4927100433022,0.0
-16.667597588853937,250.52828754792444,0.0
-20.55311796381929,250.77729416087834,0.0
-25.32892292801184,251.81490518068114,0.0
-29.143855413150906,252.68887354274133,0.0
-33.16820726554565,253.2241510591031,0.0
-37.470081784794836,253.17258142071964,0.0
-41.682478700344596,253.66124358980827,0.0
-45.496538263056365,254.09673025352035,0.0
-49.54152215677313,254.20516632643276,0.0
-53.62774734532119,254.52202694256877,0.0
-58.24803921722055,254.22891805179083,0.0
-62.007466013249946,254.81733148683355,0.0
-66.0388579475082,254.11696968380662,0.0
-70.39133056381114,254.09554830301133,0.0
-74.38548049650304,254.46676088111923,0.0
-79.00241395902168,254.28599323538384,0.0
-82.91992264836739,253.74579916083053,0.0
-87.0778562462448,253.43448631828372,0.0
-91.5772075725471,252.99986660962574,0.0
-95.87302031084951,252.63668310904234,0.0
-99.45031231349893,252.09743254365475,0.0
-104.20235492007049,251.26889128864286,0.0
-107.88122329593074,250.50682158860437,0.0
-112.21200353139044,249.6862704553582,0.0
-116.42100262531243,249.0459877367045,0.0
-120.29478415105707,248.28909550668413,0.0
-124.92773379693038,247.1699536683436,0.0
-128.95615724524103,246.02124967764078,0.0
-133.02536452205524,244.76731735622508,0.0
-137.33071625865128,243.91490583487519,0.0
-141.54561627438034,242.55009099094593,0.0
-145.51324214078036,241.2563851733778,0.0
-149.70290188379957,240.46260570679308,0.0
-153.31112291489126,238.51720388830518,0.0
-157.56723496956158,237.21714146175205,0.0
-162.15144897959996,235.708290296974,0.0
-165.8184619941482,234.1420073407028,0.0
-170.3353283804742,232.70011745259455,0.0
-173.59375239755087,230.70940333756315,0.0
-177.74497407562976,228.79869727448335,0.0
-182.05466204690774,227.09144058322883,0.0
-185.97594158609252,225.29905102436163,0.0
-190.04859683586085,222.97411232003103,0.0
-193.99583968156924,221.17580577188275,0.0
-197.0970488951778,219.17402503349356,0.0
-201.51810670028345,216.91268304254098,0.0
-205.22253574520818,214.5335749153679,0.0
-209.05171891205018,212.50630011352027,0.0
-212.8728286622631,210.0031299448819,0.0
-216.43441077742565,207.5427548079243,0.0
-220.23932165194603,204.733701022748,0.0
-223.51664746995766,202.83665624139056,0.0
-227.4605716579638,199.83773751673806,0.0
-231.11436973987273,197.3292046497764,0.0
-234.74897475293614,195.11796930808813,0.0
-238.06275171482537,191.7943196301342,0.0
-241.72117870299937,189.02282925412578,0.0
-245.11828751780794,186.40470069562093,0.0
-248.93231237731763,183.13955183567177,0.0
-252.12234867553852,180.6886713470721,0.0
-255.01198772569288,177.69643798990487,0.0
-258.9877576726062,174.41762303206568,0.0
-262.21773019408835,171.3363428225531,0.0
-265.134596580883,167.6174207427826,0.0
-268.3134834690811,164.86099838665547,0.0
-272.01363945881815,161.73184917307054,0.0
-274.51158665435133,158.13628619541637,0.0
-277.9073010437257,155.16164849527985,0.0
-280.9429280427331,151.57773811016335,0.0
-283.75179413644923,147.72701529150137,0.0
-286.921321282241,144.136293399618,0.0
-289.7910838868426,140.8236331629688,0.0
-292.4644502725926,137.4454922916681,0.0
-295.4515284777843,133.35374896844536,0.0
-297.95954878021587,129.82293425197875,0.0
-300.57474440072355,126.0224938487401,0.0
-303.36669563393656,122.75322659122048,0.0
-305.7782655042358,118.05464160024461,0.0
-308.7037473396712,114.35674901624029,0.0
-310.91364850077105,110.47976553082435,0.0
-313.3520007389192,106.20894566574658,0.0
-315.75577557848163,102.50329537578591,0.0
-317.8534521833624,98.99581581879403,0.0
-320.6427670559119,94.88246013159493,0.0
-322.469107100073,90.43460657235752,0.0
-324.9887091966522,86.23975588889952,0.0
-326.9151576609305,81.95676709392754,0.0
-328.6598302710307,77.88224570625422,0.0
-330.90612947323257,73.90232718035912,0.0
-333.3101058842275,69.29857906002344,0.0
-334.90010961848424,64.82305850799304,0.0
-337.02678948546685,60.58666673942773,0.0
-338.37390221653015,56.1264978083319,0.0
-340.18452642021145,51.66852934382848,0.0
-342.15843067960316,46.9906731510753,0.0
-343.59717900252315,43.14328011881766,0.0
-345.10446624486633,38.66349132719805,0.0
-346.7158845814837,33.59148434498953,0.0
-347.4283012759796,29.492632445437568,0.0
-349.54644443925287,24.25760527795063,0.0
-350.4763889343679,19.86955018441458,0.0
-351.9179334949513,15.727892898079034,0.0
-352.8563336480012,10.739315129270205,0.0
-354.03115626757375,6.286489651965665,0.0
-354.85775732155304,1.4160731480136426,0.0
-355.9792795730185,-3.126349271181299,0.0
-357.15083117351367,-8.100808270329239,0.0
-357.60145888526176,-12.750614218550776,0.0
-358.3017120238915,-17.529666648775144,0.0
-359.15160091273395,-22.23466438882965,0.0
-359.7992115353802,-27.17474306086691,0.0
-360.8101877330108,-31.577997338479975,0.0
-361.38986246800914,-37.04319476579025,0.0
-361.6883867821474,-41.754773830978166,0.0
-362.00424039985114,-46.538491114193725,0.0
-362.1284557592552,-51.20783813280045,0.0
-362.30711511662946,-55.67242339447452,0.0
-362.61080817225553,-61.333835054090876,0.0
-362.98248511862045,-65.96370370747707,0.0
-363.5249992537681,-71.2408311141115,0.0
-362.89992364695127,-75.88801401640322,0.0
-362.8837853979229,-80.59820385481197,0.0
-363.0649757042459,-86.00043582080797,0.0
-363.094397559021,-90.90819328570512,0.0
-362.5059652709009,-95.31843946686266,0.0
-362.11081316623853,-100.76841201246208,0.0
-361.52457262147624,-105.43730156131916,0.0
-361.42240488214696,-110.6581642237399,0.0
-360.8074447812437,-115.20468439920353,0.0
-360.2468851161638,-120.74879554000177,0.0
-359.879970547138,-125.22782309897163,0.0
-359.0253731715989,-130.16761819161368,0.0
-358.5773169361311,-135.18969845584874,0.0
-357.50577114261694,-139.486447336712,0.0
-356.6128658338593,-144.7254338891823,0.0
-356.2023647895235,-149.92537660972246,0.0
-354.7816738072768,-154.75379538467402,0.0
-353.43908663338055,-159.44881248757,0.0
-352.5472408659986,-164.27050469745666,0.0
-351.3618131506007,-169.60894300149226,0.0
-349.76142610916565,-174.31393649653603,0.0
-348.63457126745294,-179.05857363881537,0.0
-347.25360351848036,-183.93409046616637,0.0
-345.9067079576389,-189.07622749435458,0.0
-344.48355708971667,-193.6162625770082,0.0
-342.4584989477012,-198.06836164977094,0.0
-340.92700962453625,-203.25046434533024,0.0
-339.282739190707,-208.23689653078966,0.0
-337.4945385695716,-212.97927794878566,0.0
-335.5853474421399,-217.7265380715556,0.0
-333.3744015901104,-222.49172258757707,0.0
-332.16877519499417,-227.27712255737075,0.0
-329.4457330969135,-231.70075382440066,0.0
-327.47917095795515,-236.48540236673153,0.0
-325.3150891240638,-240.9423230793,0.0
-323.4561451650393,-245.3430542445889,0.0
-321.1079436089418,-250.37787864023306,0.0
-318.7191505978282,-254.82005206657468,0.0
-316.0751901757074,-259.67376773457585,0.0
-313.9338513087771,-263.7394719561768,0.0
-311.07945742715174,-268.410418694373,0.0
-308.7380901487388,-272.92073199221016,0.0
-305.8900553058816,-277.14241450526794,0.0
-303.5314421471127,-282.14847795021086,0.0
-300.594182617211,-285.9347859434729,0.0
-297.43687602815123,-290.5816379863755,0.0
-294.7107444558257,-294.84453561939347,0.0
-291.8650241678748,-299.4006475716694,0.0
-288.64820975793685,-303.2038834850558,0.0
-285.8235997195936,-307.45530007583477,0.0
-282.6261855080393,-311.70443318788637,0.0
-279.944300557211,-316.0523870792684,0.0
-276.52197677112883,-320.03169339653056,0.0
-273.2944446866131,-324.33139103801545,0.0
-269.70682531499057,-328.11913659609445,0.0
-266.28398069330194,-332.25037533152806,0.0
-262.97830492614867,-336.54607673665663,0.0
-259.5527863868782,-340.6872426232168,0.0
-255.86430780881327,-344.5918490271261,0.0
-252.49686232974022,-348.026744288672,0.0
-248.80475948083986,-351.83578069706914,0.0
-245.08993736058034,-355.530581588034,0.0
-241.76649706521147,-359.57415873889545,0.0
-237.57560267714535,-363.0975590176625,0.0
-233.40807644809033,-366.4504947148423,0.0
-229.83772754081517,-370.4398814489289,0.0
-225.7768235615312,-373.83757311911364,0.0
-221.95480566416808,-377.1731774320347,0.0
-217.80247639683571,-381.0216967191527,0.0
-213.8415123383391,-384.5674536970781,0.0
-209.6046481742475,-388.1421080924059,0.0
-205.45361800841883,-391.1942795959718,0.0
-201.14864561056876,-394.85087595317185,0.0
-196.65282501187272,-397.8148363893128,0.0
-193.2053365276166,-401.0230933226414,0.0
-188.7792747544195,-404.08530704971656,0.0
-184.10513764921325,-407.71732189075215,0.0
-179.5604370442348,-410.5677444241744,0.0
-175.30383383072615,-413.08244159908054,0.0
-170.44064348944224,-416.4422251111622,0.0
-165.87942847449088,-419.64960697328115,0.0
-161.16037451629614,-421.81710351887176,0.0
-156.83398095055432,-425.03749236773575,0.0
-152.3486096730092,-428.10922128110616,0.0
-147.46958389234538,-430.38441729535674,0.0
-142.48289378481135,-433.26862053451526,0.0
-137.8004208243576,-435.66052246030154,0.0
-132.86242920878678,-438.24943677873165,0.0
-128.2520894840192,-440.8078929386243,0.0
-123.31249251133076,-442.6347420383412,0.0
-118.23334301056057,-445.1230278895434,0.0
-113.76527784533053,-448.1117449004839,0.0
-108.19906944195284,-450.38591270111067,0.0
-103.6792196909249,-452.48791180265096,0.0
-98.62436198200426,-454.63604368626557,0.0
-93.64509967524783,-456.8167041244888,0.0
-88.5778433785599,-458.3819712207112,0.0
-83.16948158936663,-460.54761546363665,0.0
-77.80610527538093,-462.60457283439587,0.0
-72.63901571763024,-464.4019185996296,0.0
-67.4178919246691,-466.3531628535666,0.0
-62.506056765658855,-467.71772782224804,0.0
-57.49345025102744,-470.0876944325957,0.0
-51.913112668875804,-471.18178787341645,0.0
-46.948843684076905,-472.87774722883995,0.0
-41.62358769167692,-474.01049577095273,0.0
-36.04152369779215,-475.3017775377907,0.0
-30.224929482019657,-476.8920687762196,0.0
-25.543915989510964,-478.28699342998596,0.0
-20.069115589698487,-479.50503038553387,0.0
-14.25462846636744,-480.81596129840113,0.0
-8.883084148637309,-482.26834818194646,0.0
-3.110817260365472,-482.7060503228533,0.0
1.8545783394112079,-484.3917501439207,0.0
7.722878510795398,-484.72844158002675,0.0
13.235365999830767,-485.932924681883,0.0
18.515762870995438,-486.27121632377754,0.0
24.17829723508443,-487.2662285259443,0.0
29.9566907508421,-488.0476672264302,0.0
35.28074002090885,-488.91007770176134,0.0
41.16615141263915,-489.3186020658384,0.0
46.62209565699476,-489.92107356216826,0.0
52.23705691337915,-490.4267342246852,0.0
58.1250407604464,-490.289127505521,0.0
63.303841138291105,-490.91867479611574,0.0
69.22152098789311,-491.4614660150399,0.0
75.28136224680338,-491.51100149788755,0.0
80.36740903544697,-491.13551908683326,0.0
85.74693190053125,-491.3301085206735,0.0
0.27712025197192214,-0.11229531207023312,1.0
-1.0134259335218117,-0.19268737571922295,1.0
-1.3680938160958382,-1.5262679366279175,1.0
-2.13240430817459,-2.4721504940185093,1.0
-1.9349224487004335,-2.9673810455860257,1.0
-2.271092151156819,-4.784452067085271,1.0
-1.8202655833615493,-5.703402524100734,1.0
-1.9502177645371097,-7.077771112632121,1.0
-0.9753311432089089,-7.754210279744258,1.0
-0.8198863746760049,-9.358690943989595,1.0
0.19834075971914572,-10.094464194783829,1.0
1.3108941623224915,-10.67339024717427,1.0
2.001717477442117,-12.18467190678831,1.0
3.0982434078176473,-12.414315221275585,1.0
3.935681707419814,-13.065512352303449,1.0
5.340582874202764,-13.875184559862786,1.0
6.693418791386459,-14.47651472735086,1.0
7.903815387489552,-15.362353751357105,1.0
9.153455358834536,-15.376295587676896,1.0
10.772487171297524,-15.941226830983348,1.0
12.372269458702554,-15.660214024322338,1.0
13.592649296482014,-15.77820434363298,1.0
15.543135999892831,-16.08853558403105,1.0
16.56109556673016,-15.487927648891864,1.0
18.892430445053698,-15.532267399010754,1.0
20.129475842464366,-14.97173018025038,1.0
21.867813097258644,-14.566777790360131,1.0
23.017722625624835,-14.02176787619595,1.0
24.679010911358223,-13.258812054562204,1.0
26.208342894539104,-12.403566132539806,1.0
27.221521197803998,-11.969710541684547,1.0
29.242978826922073,-10.878743137074993,1.0
30.38677827298184,-10.106385166587618,1.0
31.682356882465196,-8.909427192667025,1.0
33.152381336657534,-7.526412134906311,1.0
34.882152822908346,-6.19371929045376,1.0
35.52638295777535,-5.280189751700544,1.0
36.737832208594575,-3.414613176827732,1.0
37.99081807890211,-2.1645589064193747,1.0
39.163204261503566,-0.9424603222910838,1.0
40.34027803899306,0.7140206610947685,1.0
40.98233486445469,2.6831039256977403,1.0
41.96963540012887,4.106618695457356,1.0
42.426409990287176,5.986339271721311,1.0
43.520820462197335,7.494894673432541,1.0
44.242413153230714,9.656587929193716,1.0
44.36609794485947,11.27871015427167,1.0
44.878828950117196,12.92990533729642,1.0
45.624793411098324,15.040021028067036,1.0
45.79613789540326,17.139378446416284,1.0
46.04498583194758,18.925653019885424,1.0
46.04580889406074,21.340415238025074,1.0
46.520987964198426,23.18254126643727,1.0
46.41311050006502,25.114786548979417,1.0
46.73229630332598,27.502537010444076,1.0
46.436692865198296,29.380512876598107,1.0
46.134484314788736,31.56384078634527,1.0
46.01091086854839,33.779328935246035,1.0
45.74967064875647,35.74241919509846,1.0
44.965556601487584,37.947690829529115,1.0
44.607859660009076,39.91080003584684,1.0
44.011878108718776,42.17522573018859,1.0
43.00026489273441,44.25444477166275,1.0
42.333883107842816,46.4930646284884,1.0
41.79561711590068,48.018405831429355,1.0
41.04206200995444,50.21296731836575,1.0
39.681616242412,52.47948148838871,1.0
38.770606081808886,54.4094485435215,1.0
38.04586557548301,56.83701976866262,1.0
36.65959948890438,58.62089846127574,1.0
34.93435439404591,60.646077728042926,1.0
33.97966135619994,62.11352125243465,1.0
32.54608034410692,64.02118292038377,1.0
31.25811827969119,66.2954172124528,1.0
29.55590122255107,67.79571600847694,1.0
27.95428207251749,69.25205383605206,1.0
26.27995544161153,71.2654081163983,1.0
24.08584523650471,72.64331204470058,1.0
22.82998550764586,74.47916926646369,1.0
20.98505962328227,76.17760585593527,1.0
19.044053445806178,77.41529088064516,1.0
16.964902012895354,79.31790395667181,1.0
14.982428706227706,80.45554083384427,1.0
12.963961689749741,82.37532278079219,1.0
10.686961899010596,83.17131846319647,1.0
8.673690657888734,84.75614785660005,1.0
6.599932181119614,85.52537282131046,1.0
4.062916834207357,87.01704229303235,1.0
1.8164545620831967,88.06421287409052,1.0
-0.4145223265470277,89.1371935183759,1.0
-2.820065590190285,89.98296044502271,1.0
-5.042853922448323,90.81082221240766,1.0
-7.680616891874923,91.6999411395676,1.0
-10.320047482958817,92.03404545421714,1.0
-12.698595519828034,92.728920174855,1.0
-15.086401019540547,93.75830467121969,1.0
-17.703760999988933,94.36637508028247,1.0
-20.40640825512571,95.00711017791448,1.0
-22.928541015244335,95.29848789723529,1.0
-25.833207307495563,95.78019051559033,1.0
-28.379231159285325,95.68583479653732,1.0
-31.064186047324963,96.25451614773888,1.0
-33.76416584299629,96.0184340294138,1.0
-36.66300704958676,96.19169005990594,1.0
-38.852921342953664,96.08392633747741,1.0
-41.39217716297622,96.11761262807798,1.0
-44.83715013752041,96.28956218438883,1.0
-47.27435236899795,95.99489458830028,1.0
-50.07713922458535,95.65992083648877,1.0
-52.76102251391594,95.21821298940738,1.0
-55.91515894388649,94.60120574043842,1.0
-58.54659538696195,94.21140717283699,1.0
-61.1531900739129,93.83179763767451,1.0
-64.12787408213413,92.8941829427846,1.0
-66.84173852222513,92.24111579635726,1.0
-69.24666651182143,91.67045382476198,1.0
-72.00132664134681,90.77611010224497,1.0
-75.02164407834373,89.54932682903984,1.0
-77.51101331463249,89.01666900420172,1.0
-80.28096309893688,87.52226539105388,1.0
-83.00992148993109,86.4863928517051,1.0
-85.69352433498725,85.42638384097518,1.0
-88.58205846611918,84.32048594981273,1.0
-91.0090545000962,83.0921747868496,1.0
-93.50600855663207,81.66716395212065,1.0
-95.9255849384395,80.01985234978486,1.0
-98.82798692592431,78.27335909437245,1.0
-101.51977567953634,76.74022405782952,1.0
-103.55990498510974,75.18032381516478,1.0
-106.44656935223611,73.15805811949302,1.0
-108.4922588984533,71.26463078957828,1.0
-110.74019904816643,69.85220944756146,1.0
-113.7624811927241,67.75708386857858,1.0
-115.60286685690994,65.83497049078399,1.0
-118.04940972140373,63.52131500136768,1.0
-120.04690373550434,61.67751056168435,1.0
-122.47548767440486,59.63394034481559,1.0
-124.46657140638156,57.323178169243654,1.0
-126.4146726445889,54.92585285143878,1.0
-128.59468442634395,52.947341065578314,1.0
-130.82847167756375,50.12149801548012,1.0
-132.63088617003558,47.67290023530826,1.0
-134.3012608616704,45.49274398573922,1.0
-136.22877731084003,42.96178138711642,1.0
-138.2465665377919,40.513491653271544,1.0
-139.56418440680585,37.599697635928905,1.0
-141.583098871742,35.035684950719684,1.0
-143.76293082942357,32.02846108388854,1.0
-144.9787088342782,29.609723960069253,1.0
-146.424530785997,26.37981863754723,1.0
-148.32080024042395,23.74997796833779,1.0
-149.26675445875225,20.936742956786183,1.0
-151.0191774167822,17.914800561009564,1.0
-151.93583177745901,15.106173779749826,1.0
-153.70051542425531,11.97100746828719,1.0
-154.82055786275401,9.140268249362826,1.0
-155.75799819339787,6.0895969047613905,1.0
-157.31507823071703,2.839767090090097,1.0
-158.27077541603808,-0.29246220630295244,1.0
-158.81236281523468,-3.5300479401852303,1.0
-159.97558056578097,-6.4800153136567245,1.0
-160.6179418899727,-9.879310613157573,1.0
-161.45353827163245,-13.26097567318335,1.0
-161.98422965959716,-16.331900291302883,1.0
-162.96917036718216,-19.70218136132204,1.0
-163.20574159189863,-23.35983790240432,1.0
-164.3084671568675,-26.178480009149308,1.0
-164.3023350324546,-29.50969236696029,1.0
-164.88012447862522,-32.88451066361925,1.0
-164.8543688788741,-36.47990019347089,1.0
-165.7708712544253,-39.87930701276992,1.0
-165.4490875250995,-43.09134793895414,1.0
-165.36885970468552,-46.43463030769553,1.0
-165.3894555852991,-49.869825828635314,1.0
-165.28825253773365,-53.60143318877452,1.0
-165.95435427159978,-57.039758263907984,1.0
-165.3427304250566,-60.22440391581106,1.0
-165.1109580549383,-63.77284977691664,1.0
-164.99913907866838,-67.42002920109103,1.0
-164.1540375963115,-70.55404484137838,1.0
-164.267772593639,-74.29179696905811,1.0
-163.60451335504078,-77.55385916029148,1.0
-162.88087983319448,-81.39278153155092,1.0
-162.49397464284309,-84.77040755369448,1.0
-161.34171413534511,-88.07029252248675,1.0
-160.7929525358059,-91.27080235622587,1.0
-159.877319672743,-94.76645005807059,1.0
-159.0969410400048,-98.77604102746096,1.0
-158.04566450162744,-102.31496725172924,1.0
-157.08608086143443,-105.25998635538987,1.0
-155.7300860282602,-108.8244234478943,1.0
-154.76676222207968,-111.82583370561208,1.0
-153.43090130250528,-115.25440400703742,1.0
-152.24889905313577,-118.63504656277213,1.0
-150.89260354215966,-121.92779068000976,1.0
-149.12004911377937,-125.60648332316507,1.0
-147.92491703918125,-128.5783775781326,1.0
-146.16366815016167,-132.08831807808724,1.0
-144.39922083352525,-135.3101254107288,1.0
-142.8050938413556,-138.28301595974924,1.0
-141.13396830121786,-141.81674932975918,1.0
-139.38518578665858,-144.94533506645894,1.0
-136.93353551826164,-147.94320769865942,1.0
-135.331181372799,-151.39499444835613,1.0
-132.9930675413097,-154.21326662459316,1.0
-131.24293750572863,-157.5979164950399,1.0
-129.00651230103705,-160.6567926630767,1.0
-126.69123555067848,-163.39892049852435,1.0
-124.81663286609934,-166.14539503368556,1.0
-121.96307549415309,-169.8687484241935,1.0
-119.92519672064893,-172.45366045879655,1.0
-117.47943893044884,-175.2776002217205,1.0
-115.27224478197749,-177.9820583902262,1.0
-112.75391141731595,-180.49599059157296,1.0
-110.10506479166565,-183.38838965328435,1.0
-107.33929008968225,-186.31660326350914,1.0
-104.26355999280982,-188.90259042662572,1.0
-101.9614990874568,-191.57282355084553,1.0
-99.38505599951509,-194.3956335662469,1.0
-96.18037045206768,-197.00069765290178,1.0
-93.45965466835916,-198.83194195803503,1.0
-90.20751772079261,-201.70986868369633,1.0
-86.95631240250002,-204.4950162343669,1.0
-84.20855672838508,-206.46607642965859,1.0
-81.41611296805134,-208.74750688705436,1.0
-78.02288275836626,-211.15986114139233,1.0
-75.16023756612816,-213.17405560320725,1.0
-72.09122578036639,-215.35720979358481,1.0
-68.50404301221789,-217.2958601607114,1.0
-64.97437361858329,-219.67765295336883,1.0
-61.88023377475367,-221.64567806250068,1.0
-58.26636525107553,-223.4897008851679,1.0
-54.51689092940052,-225.28492752935924,1.0
-51.11827620281444,-227.31176285985066,1.0
-47.68550686806723,-229.0301494726745,1.0
-44.24425853536394,-230.8927307454616,1.0
-40.708063395609045,-232.83737620063155,1.0
-37.10211479377852,-234.38098178013584,1.0
-33.110031020186014,-235.69070007558526,1.0
-29.79130824237433,-237.33171847158184,1.0
-26.239063601399486,-238.56086101012997,1.0
-22.106824751362634,-239.86181544029782,1.0
-18.30126401151388,-241.12220220898206,1.0
-14.235117649918834,-242.563175624396,1.0
-10.743759823243037,-243.7011269845633,1.0
-6.90187090363189,-244.64811535932438,1.0
-3.0729556958168938,-246.0646979639538,1.0
0.9691744322444134,-246.88551981815064,1.0
4.703382510889886,-248.19049311584243,1.0
8.975352625821301,-248.7708683595367,1.0
12.727112219428742,-249.89887549110867,1.0
16.659396671035704,-250.3955260488409,1.0
20.64083144399863,-251.14237996856323,1.0
24.96729409781282,-251.62330936532874,1.0
28.955521004082307,-252.6684664001887,1.0
33.29059767601424,-253.15430219421077,1.0
37.16861435542928,-253.10177070976516,1.0
41.57492074960753,-253.6643831116956,1.0
45.522086916841204,-254.1650049241521,1.0
49.952436991677544,-254.4254024790024,1.0
53.64215075151161,-254.61689096553653,1.0
57.80830532484131,-254.5314847135139,1.0
61.80869789855213,-254.67510238823584,1.0
66.31628043075524,-254.51706211985862,1.0
70.26490649816421,-254.39788450474552,1.0
74.84155261396441,-253.98305994192685,1.0
78.80247486181511,-254.12561031385272,1.0
82.74704733610288,-253.59303340705995,1.0
87.10848740976176,-253.6444763955387,1.0
91.71926880966203,-252.93308528207947,1.0
95.4252070761703,-252.9000622726658,1.0
99.6862098755282,-252.1144496024439,1.0
103.58901776461526,-251.2398661706925,1.0
108.21073644716785,-250.6323315896255,1.0
112.15074996839142,-249.81118154471739,1.0
116.89751324905833,-248.97296836691802,1.0
120.6975221990804,-248.54246508157067,1.0
124.81574337669909,-246.91798149149508,1.0
129.41486368350164,-246.20573014555674,1.0
132.9867957963989,-245.23199892577176,1.0
137.52594873776317,-243.69234846666834,1.0
141.31034968880508,-243.11680689974645,1.0
145.5836761228957,-241.50270200664556,1.0
149.64657559527575,-239.98653733541644,1.0
153.77582600756344,-238.9960763462079,1.0
157.5923576598711,-237.2994899572825,1.0
161.9907483389339,-235.34413371378363,1.0
165.75322206833474,-234.26342035926203,1.0
170.11707794192444,-232.40768837005842,1.0
173.8576956626719,-230.2973524730874,1.0
178.32586425372614,-229.03885055657054,1.0
182.16815162531591,-226.86606783144822,1.0
186.22391364586687,-225.43458486447884,1.0
189.52547571082343,-222.9639640482945,1.0
193.4802969734801,-221.23762673467215,1.0
197.59128798726556,-219.10868251494526,1.0
201.59193727581209,-217.02819048974226,1.0
205.5490986366645,-214.80046639348433,1.0
208.80407567772124,-213.14844281447589,1.0
212.82956724597696,-210.05944710041652,1.0
216.36243460659674,-207.9819063645469,1.0
220.04247867962198,-205.62558692321142,1.0
224.02264633851985,-202.4500630635068,1.0
227.45008998344017,-200.2164374865217,1.0
231.22437101627574,-197.5276284355123,1.0
234.77580922169147,-194.6277071895834,1.0
238.33459745477916,-192.23744988162463,1.0
242.09296039622393,-189.03004587061062,1.0
245.10223175822995,-186.47453749813317,1.0
248.97982210760614,-183.52724743638996,1.0
252.0984595636609,-180.43002216153826,1.0
255.29324522012362,-177.52423817109036,1.0
259.0613103261504,-174.50891976596785,1.0
261.7607811072916,-171.19338114285733,1.0
265.46067013378695,-168.10938916443038,1.0
268.5124813189069,-165.10642683782103,1.0
271.43764558932224,-161.19307639680972,1.0
274.9141780420883,-158.2335842236864,1.0
277.99106008579986,-154.8209822955003,1.0
281.03644969183813,-150.98302856703228,1.0
283.90512962759783,-147.994461536927,1.0
286.51076891852676,-144.61296142330974,1.0
289.342317861904,-141.07964708336843,1.0
292.4148030023476,-137.31982002884192,1.0
295.2638255835098,-133.48547512162955,1.0
298.30797858434744,-129.77073116148705,1.0
300.8060331742903,-126.17953251641724,1.0
303.58543283440076,-122.138445996896,1.0
305.9538213253455,-118.28824849330884,1.0
308.35003166408444,-114.60012750310172,1.0
311.0649166317995,-110.95045428758858,1.0
313.3995260477439,-106.4478021816755,1.0
315.2257848137275,-102.77682875399687,1.0
318.04540799097356,-98.42569035562641,1.0
320.33162540788885,-94.46212196524553,1.0
322.3962679062212,-90.17623565231581,1.0
324.50653715651345,-86.14285047292296,1.0
326.7170565678958,-82.3337557299201,1.0
328.5911600874411,-78.25026572239534,1.0
331.11192928333645,-73.7272007343885,1.0
332.71911308634304,-69.10104426845633,1.0
334.7766942845168,-65.09663079370947,1.0
336.49457516172004,-60.550356639789435,1.0
338.5055056738388,-56.33193841890601,1.0
339.9504123700961,-52.004070005876024,1.0
341.5021602014079,-46.98293926291941,1.0
343.60109523950626,-42.87425949235305,1.0
345.2766603437215,-38.47317496518744,1.0
346.1973123272624,-33.90391485448385,1.0
347.7094917319665,-29.239066297637816,1.0
348.7384456397755,-24.53551446716921,1.0
350.4970598765965,-20.24685926851391,1.0
351.7033233639853,-15.475932184728252,1.0
353.03316991869997,-10.65551058113883,1.0
354.0170856325586,-6.045905867937948,1.0
354.8555320934297,-1.5431297874853471,1.0
356.1534773185778,3.5601740876205437,1.0
356.90249148116334,8.249183979619394,1.0
357.87610534760296,12.998342241927938,1.0
358.648105525117,17.41447302907203,1.0
359.5451352889157,22.009642819887798,1.0
359.9164462021228,27.35358049520422,1.0
360.6053511202748,31.776296008386705,1.0
361.1584516457097,36.752209713716766,1.0
361.59268059182494,41.53184688824933,1.0
362.32012668455485,46.346934600258464,1.0
362.3495770777273,51.573991983138185,1.0
362.59615007279336,56.424030429011225,1.0
362.7200066346699,61.10753283119553,1.0
362.93948090294145,66.11690608625928,1.0
363.4069421535157,71.23224326510673,1.0
363.3358845120837,75.86324191543721,1.0
363.21611864928394,80.49548350594544,1.0
362.8475291968449,85.84657331341862,1.0
362.73858861190917,90.56948645906348,1.0
362.3649960936714,95.80104344005885,1.0
362.3066379420115,100.41482411679034,1.0
361.7389924240573,105.3518586296277,1.0
361.16767037271177,110.12101634364761,1.0
360.872743553111,115.38782417159126,1.0
360.61409485859525,120.32148479189406,1.0
359.8484563697658,125.44999465435596,1.0
358.99562996214763,130.30785528484654,1.0
358.2423477832029,135.05348298646294,1.0
357.42132855292215,139.8216692106994,1.0
356.9625631792179,144.68716623729776,1.0
355.2833202525112,149.8159934088189,1.0
354.66241693593616,154.49053808153718,1.0
353.6865859618626,159.95840573320513,1.0
352.3232549671915,164.38733148165522,1.0
351.2097008138702,169.41768429040656,1.0
350.02357707875626,174.18417987776346,1.0
348.61140478734836,179.2667396389286,1.0
346.88445769070074,183.96396444757343,1.0
345.857115323065,188.85614208208477,1.0
344.6907365482689,193.5463201365885,1.0
342.7321008565549,198.68888131959574,1.0
340.99192302575847,203.35451925632856,1.0
339.15651033542656,208.11664590278076,1.0
337.190946508376,212.7985213696463,1.0
335.42350931392656,217.68952603805016,1.0
333.6251668941926,222.36251210665975,1.0
331.63239108379486,227.3870229561966,1.0
329.61488167676464,231.79058403410812,1.0
327.8100777287953,236.08814876795734,1.0
325.6700594866215,240.8624146943074,1.0
323.1182234019198,245.25170976364882,1.0
320.9612152125906,250.5331125685101,1.0
318.38963194581936,255.2716887373836,1.0
316.5575019407074,259.4708444574299,1.0
313.89318205255904,264.28218266983663,1.0
310.7540634768459,268.4538903769516,1.0
309.0286503451941,272.680057895954,1.0
305.91568686772126,277.340302289858,1.0
303.1175869543014,281.74655496897964,1.0
300.6707856184533,286.3319226656003,1.0
298.1274158977161,290.34040071730846,1.0
294.9401171612148,295.0241206647015,1.0
291.9387167009526,299.4404569994882,1.0
289.166936029676,303.49864278093264,1.0
285.7427300925463,307.5313988513245,1.0
282.5866686121724,311.72589914226495,1.0
279.24888889282374,316.00285173236745,1.0
276.64673590754825,320.4949584846769,1.0
272.96434010289113,324.4927004183193,1.0
269.70522293076954,328.47041964509145,1.0
266.62662573537654,332.15145846265267,1.0
262.9130351936701,336.5761403907802,1.0
259.74138005805344,340.47870890540753,1.0
256.03836094807764,344.4609843959389,1.0
252.3743083831285,348.22595578014625,1.0
248.94078687434674,352.1749151451031,1.0
244.6697305078621,356.00669490171674,1.0
241.70086170468878,359.4320510440003,1.0
237.48705446394786,363.0428588727588,1.0
233.72702299505917,366.9928967163709,1.0
229.6400565176449,370.2989698207331,1.0
225.943888302956,373.8422612897446,1.0
222.04748049752527,377.6316830042248,1.0
218.06021841775558,381.21289502838096,1.0
213.2516571013009,384.6237984052897,1.0
209.43243125900992,387.79822799274586,1.0
205.4046577899657,391.54612286980785,1.0
201.37363538865807,394.44469970480253,1.0
197.54361850862196,397.7590407898472,1.0
192.64840182852953,400.9598601285975,1.0
188.3049526547105,404.26632677539277,1.0
184.29179839017175,407.1441157735763,1.0
179.36497439085002,410.33818646644215,1.0
175.09228091057298,413.46156356232336,1.0
170.86116385180244,416.1949364470764,1.0
166.11498868417743,419.1136064385619,1.0
161.40592262066963,422.24241038146937,1.0
156.55851446503578,424.91448908903857,1.0
152.25062607714594,427.68675861756657,1.0
147.56025086996075,430.81120811655836,1.0
142.9813307805513,432.99258752410094,1.0
138.01550699238445,435.7164996636855,1.0
133.0055788282954,438.497746378672,1.0
128.21945886497124,440.3294482342033,1.0
123.60268165450637,443.002313360029,1.0
118.45477514908525,445.2271998485672,1.0
113.93197070958307,447.72011820668075,1.0
108.93515823491306,450.0431207350082,1.0
103.4119762991479,452.6024768480185,1.0
98.43069018132081,454.18742709007086,1.0
93.54536489965561,456.31674506877755,1.0
88.49226948183816,458.475632981391,1.0
83.42248491078543,460.37747380052207,1.0
78.1639906935512,462.114163934741,1.0
73.1097629172104,464.4947094665099,1.0
67.47180724613834,465.87886903541283,1.0
62.71488884472679,467.72838937134446,1.0
57.153598147323166,469.19919154001843,1.0
52.10191509653507,470.79610660555824,1.0
46.6891261020588,472.75034072141574,1.0
41.617701844549984,474.7069024672191,1.0
36.28444727665572,475.82205854909114,1.0
30.230961763711584,476.83194768932935,1.0
25.095525496046232,478.77648711068974,1.0
19.794481416522967,479.64467766961076,1.0
14.455101407508943,480.8334463610381,1.0
8.646449994378676,482.139954835574,1.0
3.1898557821085545,482.7630977101895,1.0
-2.508011243180505,484.29222723636207,1.0
-7.778314899824463,484.68865560497767,1.0
-13.213047801426423,485.80453676170765,1.0
-18.599058000231032,486.82683066459475,1.0
-24.45971141697292,487.63207358697485,1.0
-30.299075921051717,488.08533114829135,1.0
-35.48665218959008,488.66166286573093,1.0
-41.0025235158555,489.0871612667083,1.0
-46.69329066008322,489.6219259617544,1.0
-52.10678137656909,490.78926540868304,1.0
-57.91958421811355,490.70752832042734,1.0
-63.79910335163265,491.0742173176287,1.0
-69.28944584919607,491.08986208541774,1.0
-75.25396086693007,491.34751871265206,1.0
-80.41248131475906,491.3071530672317,1.0
-86.26758095008442,491.28685245147636,1.0
